page_id,title,space,space_name,status,last_updated,contradicts,tags,relative_path
HR-001,PTO and Leave Policy,HR,Human Resources,current,2026-02-10,,leave;pto;policy;benefits,HR/HR-001-pto-and-leave-policy.html
HR-002,PTO and Leave Policy (2023 Edition),HR,Human Resources,outdated,2023-04-18,HR-001,leave;pto;policy;benefits;legacy,HR/HR-002-pto-and-leave-policy-2023-edition.html
HR-003,Parental Leave Policy,HR,Human Resources,current,2025-11-02,,leave;parental;benefits,HR/HR-003-parental-leave-policy.html
HR-004,Remote Work Policy,HR,Human Resources,current,2026-01-15,,remote;hybrid;policy,HR/HR-004-remote-work-policy.html
HR-005,Expense Reimbursement Policy,HR,Human Resources,current,2025-09-20,,expenses;finance;policy,HR/HR-005-expense-reimbursement-policy.html
HR-006,Employee Benefits Overview,HR,Human Resources,current,2026-01-05,,benefits;health;401k,HR/HR-006-employee-benefits-overview.html
HR-007,Performance Review Process,HR,Human Resources,current,2025-12-01,,performance;review;compensation,HR/HR-007-performance-review-process.html
HR-008,Code of Conduct,HR,Human Resources,current,2025-06-01,,conduct;compliance;policy,HR/HR-008-code-of-conduct.html
HR-009,Onboarding Checklist for New Hires,HR,Human Resources,current,2026-03-01,,onboarding;new hire,HR/HR-009-onboarding-checklist-for-new-hires.html
HR-010,Offboarding Process,HR,Human Resources,current,2025-08-14,,offboarding;hr,HR/HR-010-offboarding-process.html
ENG-001,System Architecture Overview,ENG,Engineering,current,2026-04-02,,architecture;overview,ENG/ENG-001-system-architecture-overview.html
ENG-002,Deployment Process,ENG,Engineering,current,2026-03-20,,deployment;cicd;devops,ENG/ENG-002-deployment-process.html
ENG-003,Deployment Process (Legacy Jenkins Flow),ENG,Engineering,deprecated,2022-09-11,ENG-002,deployment;legacy;jenkins,ENG/ENG-003-deployment-process-legacy-jenkins-flow.html
ENG-004,API Authentication Guide,ENG,Engineering,current,2026-02-18,,api;auth;security,ENG/ENG-004-api-authentication-guide.html
ENG-005,API Authentication Guide (Legacy API Keys),ENG,Engineering,outdated,2021-05-30,ENG-004,api;auth;legacy,ENG/ENG-005-api-authentication-guide-legacy-api-keys.html
ENG-006,Database Schema Reference,ENG,Engineering,current,2026-01-22,,database;schema;reference,ENG/ENG-006-database-schema-reference.html
ENG-007,Incident Response Runbook,ENG,Engineering,current,2026-03-05,,incident;oncall;runbook,ENG/ENG-007-incident-response-runbook.html
ENG-008,On-call Rotation Policy,ENG,Engineering,current,2025-10-10,,oncall;policy,ENG/ENG-008-on-call-rotation-policy.html
ENG-009,Coding Standards & Style Guide,ENG,Engineering,current,2025-07-19,,standards;style;engineering,ENG/ENG-009-coding-standards-style-guide.html
ENG-010,Local Dev Environment Setup,ENG,Engineering,current,2026-02-01,,setup;local dev,ENG/ENG-010-local-dev-environment-setup.html
ENG-011,Microservices Directory,ENG,Engineering,current,2026-04-10,,services;directory,ENG/ENG-011-microservices-directory.html
ENG-012,Logging & Monitoring Guide,ENG,Engineering,current,2025-11-28,,logging;monitoring;observability,ENG/ENG-012-logging-monitoring-guide.html
ENG-013,Secrets Management Policy,ENG,Engineering,current,2025-12-15,,security;secrets,ENG/ENG-013-secrets-management-policy.html
ENG-014,Rate Limiting & API Quotas,ENG,Engineering,current,2026-01-30,,api;rate limiting,ENG/ENG-014-rate-limiting-api-quotas.html
ENG-RB-001,auth-service Runbook,ENG,Engineering,current,2026-02-10,,runbook;auth-service,ENG/ENG-RB-001-auth-service-runbook.html
ENG-RB-002,billing-service Runbook,ENG,Engineering,current,2026-02-10,,runbook;billing-service,ENG/ENG-RB-002-billing-service-runbook.html
ENG-RB-003,search-service Runbook,ENG,Engineering,current,2026-02-10,,runbook;search-service,ENG/ENG-RB-003-search-service-runbook.html
ENG-RB-004,notification-service Runbook,ENG,Engineering,current,2026-02-10,,runbook;notification-service,ENG/ENG-RB-004-notification-service-runbook.html
ENG-RB-005,user-profile-service Runbook,ENG,Engineering,current,2026-02-10,,runbook;user-profile-service,ENG/ENG-RB-005-user-profile-service-runbook.html
ENG-RB-006,ingestion-service Runbook,ENG,Engineering,current,2026-02-10,,runbook;ingestion-service,ENG/ENG-RB-006-ingestion-service-runbook.html
ENG-RB-007,analytics-service Runbook,ENG,Engineering,current,2026-02-10,,runbook;analytics-service,ENG/ENG-RB-007-analytics-service-runbook.html
ENG-RB-008,gateway-api Runbook,ENG,Engineering,current,2026-02-10,,runbook;gateway-api,ENG/ENG-RB-008-gateway-api-runbook.html
ENG-RB-009,file-storage-service Runbook,ENG,Engineering,current,2026-02-10,,runbook;file-storage-service,ENG/ENG-RB-009-file-storage-service-runbook.html
ENG-RB-010,recommendation-service Runbook,ENG,Engineering,current,2026-02-10,,runbook;recommendation-service,ENG/ENG-RB-010-recommendation-service-runbook.html
ENG-RB-011,webhook-dispatcher Runbook,ENG,Engineering,current,2026-02-10,,runbook;webhook-dispatcher,ENG/ENG-RB-011-webhook-dispatcher-runbook.html
ENG-RB-012,audit-log-service Runbook,ENG,Engineering,current,2026-02-10,,runbook;audit-log-service,ENG/ENG-RB-012-audit-log-service-runbook.html
ENG-RB-013,reporting-service Runbook,ENG,Engineering,current,2026-02-10,,runbook;reporting-service,ENG/ENG-RB-013-reporting-service-runbook.html
ENG-RB-014,scheduler-service Runbook,ENG,Engineering,current,2026-02-10,,runbook;scheduler-service,ENG/ENG-RB-014-scheduler-service-runbook.html
ENG-RB-015,email-service Runbook,ENG,Engineering,current,2026-02-10,,runbook;email-service,ENG/ENG-RB-015-email-service-runbook.html
PROD-001,Product Roadmap Q3 2026,PROD,Product,current,2026-06-15,,roadmap;planning,PROD/PROD-001-product-roadmap-q3-2026.html
PROD-002,Feature Spec: Smart Search,PROD,Product,current,2026-05-20,,feature;search;spec,PROD/PROD-002-feature-spec-smart-search.html
PROD-003,Feature Spec: Billing v2,PROD,Product,current,2026-04-28,,feature;billing;spec,PROD/PROD-003-feature-spec-billing-v2.html
PROD-004,Customer Segmentation Tiers,PROD,Product,current,2025-10-01,,customers;segmentation,PROD/PROD-004-customer-segmentation-tiers.html
PROD-005,Pricing Plans,PROD,Product,current,2026-05-01,,pricing,PROD/PROD-005-pricing-plans.html
PROD-006,Pricing Plans (2024 Archive),PROD,Product,outdated,2024-02-14,PROD-005,pricing;legacy,PROD/PROD-006-pricing-plans-2024-archive.html
ITS-001,VPN Setup Guide,ITS,IT Support,current,2026-01-08,,vpn;network;it,ITS/ITS-001-vpn-setup-guide.html
ITS-002,New Laptop Request Process,ITS,IT Support,current,2025-09-12,,hardware;it,ITS/ITS-002-new-laptop-request-process.html
ITS-003,Software Request & Approval Process,ITS,IT Support,current,2025-11-19,,software;procurement;it,ITS/ITS-003-software-request-approval-process.html
ITS-004,Password & MFA Policy,ITS,IT Support,current,2025-08-25,,security;mfa;password,ITS/ITS-004-password-mfa-policy.html
ITS-005,Wi-Fi & Office Network Access,ITS,IT Support,current,2025-07-30,,wifi;network;it,ITS/ITS-005-wi-fi-office-network-access.html
OPS-RETRO-001,Sprint Retro - Team A - Sprint 1,OPS,Operations,current,2026-01-01,,retro;sprint;team-a,OPS/OPS-RETRO-001-sprint-retro-team-a-sprint-1.html
OPS-RETRO-002,Sprint Retro - Team B - Sprint 1,OPS,Operations,current,2026-01-01,,retro;sprint;team-b,OPS/OPS-RETRO-002-sprint-retro-team-b-sprint-1.html
OPS-RETRO-003,Sprint Retro - Team C - Sprint 1,OPS,Operations,current,2026-01-01,,retro;sprint;team-c,OPS/OPS-RETRO-003-sprint-retro-team-c-sprint-1.html
OPS-RETRO-004,Sprint Retro - Team D - Sprint 1,OPS,Operations,current,2026-01-01,,retro;sprint;team-d,OPS/OPS-RETRO-004-sprint-retro-team-d-sprint-1.html
OPS-RETRO-005,Sprint Retro - Team E - Sprint 1,OPS,Operations,current,2026-01-01,,retro;sprint;team-e,OPS/OPS-RETRO-005-sprint-retro-team-e-sprint-1.html
OPS-RETRO-006,Sprint Retro - Team F - Sprint 1,OPS,Operations,current,2026-01-01,,retro;sprint;team-f,OPS/OPS-RETRO-006-sprint-retro-team-f-sprint-1.html
OPS-RETRO-007,Sprint Retro - Team A - Sprint 2,OPS,Operations,current,2026-02-04,,retro;sprint;team-a,OPS/OPS-RETRO-007-sprint-retro-team-a-sprint-2.html
OPS-RETRO-008,Sprint Retro - Team B - Sprint 2,OPS,Operations,current,2026-02-04,,retro;sprint;team-b,OPS/OPS-RETRO-008-sprint-retro-team-b-sprint-2.html
OPS-RETRO-009,Sprint Retro - Team C - Sprint 2,OPS,Operations,current,2026-02-04,,retro;sprint;team-c,OPS/OPS-RETRO-009-sprint-retro-team-c-sprint-2.html
OPS-RETRO-010,Sprint Retro - Team D - Sprint 2,OPS,Operations,current,2026-02-04,,retro;sprint;team-d,OPS/OPS-RETRO-010-sprint-retro-team-d-sprint-2.html
OPS-RETRO-011,Sprint Retro - Team E - Sprint 2,OPS,Operations,current,2026-02-04,,retro;sprint;team-e,OPS/OPS-RETRO-011-sprint-retro-team-e-sprint-2.html
OPS-RETRO-012,Sprint Retro - Team F - Sprint 2,OPS,Operations,current,2026-02-04,,retro;sprint;team-f,OPS/OPS-RETRO-012-sprint-retro-team-f-sprint-2.html
OPS-RETRO-013,Sprint Retro - Team A - Sprint 3,OPS,Operations,current,2026-03-07,,retro;sprint;team-a,OPS/OPS-RETRO-013-sprint-retro-team-a-sprint-3.html
OPS-RETRO-014,Sprint Retro - Team B - Sprint 3,OPS,Operations,current,2026-03-07,,retro;sprint;team-b,OPS/OPS-RETRO-014-sprint-retro-team-b-sprint-3.html
OPS-RETRO-015,Sprint Retro - Team C - Sprint 3,OPS,Operations,current,2026-03-07,,retro;sprint;team-c,OPS/OPS-RETRO-015-sprint-retro-team-c-sprint-3.html
OPS-RETRO-016,Sprint Retro - Team D - Sprint 3,OPS,Operations,current,2026-03-07,,retro;sprint;team-d,OPS/OPS-RETRO-016-sprint-retro-team-d-sprint-3.html
OPS-RETRO-017,Sprint Retro - Team E - Sprint 3,OPS,Operations,current,2026-03-07,,retro;sprint;team-e,OPS/OPS-RETRO-017-sprint-retro-team-e-sprint-3.html
OPS-RETRO-018,Sprint Retro - Team F - Sprint 3,OPS,Operations,current,2026-03-07,,retro;sprint;team-f,OPS/OPS-RETRO-018-sprint-retro-team-f-sprint-3.html
OPS-RETRO-019,Sprint Retro - Team A - Sprint 4,OPS,Operations,current,2026-04-10,,retro;sprint;team-a,OPS/OPS-RETRO-019-sprint-retro-team-a-sprint-4.html
OPS-RETRO-020,Sprint Retro - Team B - Sprint 4,OPS,Operations,current,2026-04-10,,retro;sprint;team-b,OPS/OPS-RETRO-020-sprint-retro-team-b-sprint-4.html
OPS-RETRO-021,Sprint Retro - Team C - Sprint 4,OPS,Operations,current,2026-04-10,,retro;sprint;team-c,OPS/OPS-RETRO-021-sprint-retro-team-c-sprint-4.html
OPS-RETRO-022,Sprint Retro - Team D - Sprint 4,OPS,Operations,current,2026-04-10,,retro;sprint;team-d,OPS/OPS-RETRO-022-sprint-retro-team-d-sprint-4.html
OPS-RETRO-023,Sprint Retro - Team E - Sprint 4,OPS,Operations,current,2026-04-10,,retro;sprint;team-e,OPS/OPS-RETRO-023-sprint-retro-team-e-sprint-4.html
OPS-RETRO-024,Sprint Retro - Team F - Sprint 4,OPS,Operations,current,2026-04-10,,retro;sprint;team-f,OPS/OPS-RETRO-024-sprint-retro-team-f-sprint-4.html
OPS-RETRO-025,Sprint Retro - Team A - Sprint 5,OPS,Operations,current,2026-05-13,,retro;sprint;team-a,OPS/OPS-RETRO-025-sprint-retro-team-a-sprint-5.html
OPS-RETRO-026,Sprint Retro - Team B - Sprint 5,OPS,Operations,current,2026-05-13,,retro;sprint;team-b,OPS/OPS-RETRO-026-sprint-retro-team-b-sprint-5.html
OPS-RETRO-027,Sprint Retro - Team C - Sprint 5,OPS,Operations,current,2026-05-13,,retro;sprint;team-c,OPS/OPS-RETRO-027-sprint-retro-team-c-sprint-5.html
OPS-RETRO-028,Sprint Retro - Team D - Sprint 5,OPS,Operations,current,2026-05-13,,retro;sprint;team-d,OPS/OPS-RETRO-028-sprint-retro-team-d-sprint-5.html
OPS-RETRO-029,Sprint Retro - Team E - Sprint 5,OPS,Operations,current,2026-05-13,,retro;sprint;team-e,OPS/OPS-RETRO-029-sprint-retro-team-e-sprint-5.html
OPS-RETRO-030,Sprint Retro - Team F - Sprint 5,OPS,Operations,current,2026-05-13,,retro;sprint;team-f,OPS/OPS-RETRO-030-sprint-retro-team-f-sprint-5.html
OPS-RETRO-031,Sprint Retro - Team A - Sprint 6,OPS,Operations,current,2026-06-16,,retro;sprint;team-a,OPS/OPS-RETRO-031-sprint-retro-team-a-sprint-6.html
OPS-RETRO-032,Sprint Retro - Team B - Sprint 6,OPS,Operations,current,2026-06-16,,retro;sprint;team-b,OPS/OPS-RETRO-032-sprint-retro-team-b-sprint-6.html
OPS-RETRO-033,Sprint Retro - Team C - Sprint 6,OPS,Operations,current,2026-06-16,,retro;sprint;team-c,OPS/OPS-RETRO-033-sprint-retro-team-c-sprint-6.html
OPS-RETRO-034,Sprint Retro - Team D - Sprint 6,OPS,Operations,current,2026-06-16,,retro;sprint;team-d,OPS/OPS-RETRO-034-sprint-retro-team-d-sprint-6.html
OPS-RETRO-035,Sprint Retro - Team E - Sprint 6,OPS,Operations,current,2026-06-16,,retro;sprint;team-e,OPS/OPS-RETRO-035-sprint-retro-team-e-sprint-6.html
OPS-RETRO-036,Sprint Retro - Team F - Sprint 6,OPS,Operations,current,2026-06-16,,retro;sprint;team-f,OPS/OPS-RETRO-036-sprint-retro-team-f-sprint-6.html
OPS-RETRO-037,Sprint Retro - Team A - Sprint 7,OPS,Operations,current,2026-01-19,,retro;sprint;team-a,OPS/OPS-RETRO-037-sprint-retro-team-a-sprint-7.html
OPS-RETRO-038,Sprint Retro - Team B - Sprint 7,OPS,Operations,current,2026-01-19,,retro;sprint;team-b,OPS/OPS-RETRO-038-sprint-retro-team-b-sprint-7.html
OPS-RETRO-039,Sprint Retro - Team C - Sprint 7,OPS,Operations,current,2026-01-19,,retro;sprint;team-c,OPS/OPS-RETRO-039-sprint-retro-team-c-sprint-7.html
OPS-RETRO-040,Sprint Retro - Team D - Sprint 7,OPS,Operations,current,2026-01-19,,retro;sprint;team-d,OPS/OPS-RETRO-040-sprint-retro-team-d-sprint-7.html
OPS-RETRO-041,Sprint Retro - Team E - Sprint 7,OPS,Operations,current,2026-01-19,,retro;sprint;team-e,OPS/OPS-RETRO-041-sprint-retro-team-e-sprint-7.html
OPS-RETRO-042,Sprint Retro - Team F - Sprint 7,OPS,Operations,current,2026-01-19,,retro;sprint;team-f,OPS/OPS-RETRO-042-sprint-retro-team-f-sprint-7.html
OPS-RETRO-043,Sprint Retro - Team A - Sprint 8,OPS,Operations,current,2026-02-22,,retro;sprint;team-a,OPS/OPS-RETRO-043-sprint-retro-team-a-sprint-8.html
OPS-RETRO-044,Sprint Retro - Team B - Sprint 8,OPS,Operations,current,2026-02-22,,retro;sprint;team-b,OPS/OPS-RETRO-044-sprint-retro-team-b-sprint-8.html
OPS-RETRO-045,Sprint Retro - Team C - Sprint 8,OPS,Operations,current,2026-02-22,,retro;sprint;team-c,OPS/OPS-RETRO-045-sprint-retro-team-c-sprint-8.html
OPS-RETRO-046,Sprint Retro - Team D - Sprint 8,OPS,Operations,current,2026-02-22,,retro;sprint;team-d,OPS/OPS-RETRO-046-sprint-retro-team-d-sprint-8.html
OPS-RETRO-047,Sprint Retro - Team E - Sprint 8,OPS,Operations,current,2026-02-22,,retro;sprint;team-e,OPS/OPS-RETRO-047-sprint-retro-team-e-sprint-8.html
OPS-RETRO-048,Sprint Retro - Team F - Sprint 8,OPS,Operations,current,2026-02-22,,retro;sprint;team-f,OPS/OPS-RETRO-048-sprint-retro-team-f-sprint-8.html
OPS-INC-001,Postmortem: INC-2000 - auth-service,OPS,Operations,current,2026-01-01,,postmortem;incident;auth-service,OPS/OPS-INC-001-postmortem-inc-2000-auth-service.html
OPS-INC-002,Postmortem: INC-2001 - billing-service,OPS,Operations,current,2026-02-03,,postmortem;incident;billing-service,OPS/OPS-INC-002-postmortem-inc-2001-billing-service.html
OPS-INC-003,Postmortem: INC-2002 - search-service,OPS,Operations,current,2026-03-05,,postmortem;incident;search-service,OPS/OPS-INC-003-postmortem-inc-2002-search-service.html
OPS-INC-004,Postmortem: INC-2003 - notification-service,OPS,Operations,current,2026-04-07,,postmortem;incident;notification-service,OPS/OPS-INC-004-postmortem-inc-2003-notification-service.html
OPS-INC-005,Postmortem: INC-2004 - user-profile-service,OPS,Operations,current,2026-05-09,,postmortem;incident;user-profile-service,OPS/OPS-INC-005-postmortem-inc-2004-user-profile-service.html
OPS-INC-006,Postmortem: INC-2005 - ingestion-service,OPS,Operations,current,2026-06-11,,postmortem;incident;ingestion-service,OPS/OPS-INC-006-postmortem-inc-2005-ingestion-service.html
OPS-INC-007,Postmortem: INC-2006 - analytics-service,OPS,Operations,current,2026-01-13,,postmortem;incident;analytics-service,OPS/OPS-INC-007-postmortem-inc-2006-analytics-service.html
OPS-INC-008,Postmortem: INC-2007 - gateway-api,OPS,Operations,current,2026-02-15,,postmortem;incident;gateway-api,OPS/OPS-INC-008-postmortem-inc-2007-gateway-api.html
OPS-INC-009,Postmortem: INC-2008 - file-storage-service,OPS,Operations,current,2026-03-17,,postmortem;incident;file-storage-service,OPS/OPS-INC-009-postmortem-inc-2008-file-storage-service.html
OPS-INC-010,Postmortem: INC-2009 - recommendation-service,OPS,Operations,current,2026-04-19,,postmortem;incident;recommendation-service,OPS/OPS-INC-010-postmortem-inc-2009-recommendation-service.html
OPS-INC-011,Postmortem: INC-2010 - webhook-dispatcher,OPS,Operations,current,2026-05-21,,postmortem;incident;webhook-dispatcher,OPS/OPS-INC-011-postmortem-inc-2010-webhook-dispatcher.html
OPS-INC-012,Postmortem: INC-2011 - audit-log-service,OPS,Operations,current,2026-06-23,,postmortem;incident;audit-log-service,OPS/OPS-INC-012-postmortem-inc-2011-audit-log-service.html
OPS-INC-013,Postmortem: INC-2012 - reporting-service,OPS,Operations,current,2026-01-25,,postmortem;incident;reporting-service,OPS/OPS-INC-013-postmortem-inc-2012-reporting-service.html
OPS-INC-014,Postmortem: INC-2013 - scheduler-service,OPS,Operations,current,2026-02-27,,postmortem;incident;scheduler-service,OPS/OPS-INC-014-postmortem-inc-2013-scheduler-service.html
OPS-INC-015,Postmortem: INC-2014 - email-service,OPS,Operations,current,2026-03-02,,postmortem;incident;email-service,OPS/OPS-INC-015-postmortem-inc-2014-email-service.html
OPS-INC-016,Postmortem: INC-2015 - auth-service,OPS,Operations,current,2026-04-04,,postmortem;incident;auth-service,OPS/OPS-INC-016-postmortem-inc-2015-auth-service.html
OPS-INC-017,Postmortem: INC-2016 - billing-service,OPS,Operations,current,2026-05-06,,postmortem;incident;billing-service,OPS/OPS-INC-017-postmortem-inc-2016-billing-service.html
OPS-INC-018,Postmortem: INC-2017 - search-service,OPS,Operations,current,2026-06-08,,postmortem;incident;search-service,OPS/OPS-INC-018-postmortem-inc-2017-search-service.html
OPS-INC-019,Postmortem: INC-2018 - notification-service,OPS,Operations,current,2026-01-10,,postmortem;incident;notification-service,OPS/OPS-INC-019-postmortem-inc-2018-notification-service.html
OPS-INC-020,Postmortem: INC-2019 - user-profile-service,OPS,Operations,current,2026-02-12,,postmortem;incident;user-profile-service,OPS/OPS-INC-020-postmortem-inc-2019-user-profile-service.html
OPS-INC-021,Postmortem: INC-2020 - ingestion-service,OPS,Operations,current,2026-03-14,,postmortem;incident;ingestion-service,OPS/OPS-INC-021-postmortem-inc-2020-ingestion-service.html
OPS-INC-022,Postmortem: INC-2021 - analytics-service,OPS,Operations,current,2026-04-16,,postmortem;incident;analytics-service,OPS/OPS-INC-022-postmortem-inc-2021-analytics-service.html
OPS-INC-023,Postmortem: INC-2022 - gateway-api,OPS,Operations,current,2026-05-18,,postmortem;incident;gateway-api,OPS/OPS-INC-023-postmortem-inc-2022-gateway-api.html
OPS-INC-024,Postmortem: INC-2023 - file-storage-service,OPS,Operations,current,2026-06-20,,postmortem;incident;file-storage-service,OPS/OPS-INC-024-postmortem-inc-2023-file-storage-service.html
OPS-INC-025,Postmortem: INC-2024 - recommendation-service,OPS,Operations,current,2026-01-22,,postmortem;incident;recommendation-service,OPS/OPS-INC-025-postmortem-inc-2024-recommendation-service.html
OPS-AH-001,All-Hands Notes - Q3 Roadmap Preview And Priorities,OPS,Operations,current,2026-01-01,,all-hands;meeting-notes,OPS/OPS-AH-001-all-hands-notes-q3-roadmap-preview-and-priorities.html
OPS-AH-002,All-Hands Notes - Engineering Org Restructuring Announcement,OPS,Operations,current,2026-02-06,,all-hands;meeting-notes,OPS/OPS-AH-002-all-hands-notes-engineering-org-restructuring-announcement.html
OPS-AH-003,All-Hands Notes - New Customer Logo Wins And Revenue Update,OPS,Operations,current,2026-03-11,,all-hands;meeting-notes,OPS/OPS-AH-003-all-hands-notes-new-customer-logo-wins-and-revenue-update.html
OPS-AH-004,All-Hands Notes - Benefits Open Enrollment Reminder,OPS,Operations,current,2026-04-16,,all-hands;meeting-notes,OPS/OPS-AH-004-all-hands-notes-benefits-open-enrollment-reminder.html
OPS-AH-005,All-Hands Notes - Office Return-To-Hybrid Schedule Update,OPS,Operations,current,2026-05-21,,all-hands;meeting-notes,OPS/OPS-AH-005-all-hands-notes-office-return-to-hybrid-schedule-update.html
OPS-AH-006,All-Hands Notes - Annual Company Offsite Planning,OPS,Operations,current,2026-06-26,,all-hands;meeting-notes,OPS/OPS-AH-006-all-hands-notes-annual-company-offsite-planning.html
OPS-AH-007,All-Hands Notes - Security Incident Retrospective (Company-Wide Summary),OPS,Operations,current,2026-01-04,,all-hands;meeting-notes,OPS/OPS-AH-007-all-hands-notes-security-incident-retrospective-company-wide.html
OPS-AH-008,All-Hands Notes - New Hire Welcome And Team Introductions,OPS,Operations,current,2026-02-09,,all-hands;meeting-notes,OPS/OPS-AH-008-all-hands-notes-new-hire-welcome-and-team-introductions.html
OPS-AH-009,All-Hands Notes - Product Launch Recap: Smart Search,OPS,Operations,current,2026-03-14,,all-hands;meeting-notes,OPS/OPS-AH-009-all-hands-notes-product-launch-recap-smart-search.html
OPS-AH-010,All-Hands Notes - Year-End Performance Review Timeline,OPS,Operations,current,2026-04-19,,all-hands;meeting-notes,OPS/OPS-AH-010-all-hands-notes-year-end-performance-review-timeline.html
OPS-AH-011,All-Hands Notes - Engineering Ci/Cd Migration Recap,OPS,Operations,current,2026-05-24,,all-hands;meeting-notes,OPS/OPS-AH-011-all-hands-notes-engineering-ci-cd-migration-recap.html
OPS-AH-012,All-Hands Notes - Customer Support Sla Changes,OPS,Operations,current,2026-06-02,,all-hands;meeting-notes,OPS/OPS-AH-012-all-hands-notes-customer-support-sla-changes.html
OPS-AH-013,All-Hands Notes - Diversity And Inclusion Initiative Update,OPS,Operations,current,2026-01-07,,all-hands;meeting-notes,OPS/OPS-AH-013-all-hands-notes-diversity-and-inclusion-initiative-update.html
OPS-AH-014,All-Hands Notes - Company Okr Check-In,OPS,Operations,current,2026-02-12,,all-hands;meeting-notes,OPS/OPS-AH-014-all-hands-notes-company-okr-check-in.html
OPS-AH-015,All-Hands Notes - New Office Opening Announcement,OPS,Operations,current,2026-03-17,,all-hands;meeting-notes,OPS/OPS-AH-015-all-hands-notes-new-office-opening-announcement.html
PROD-CL-001,Changelog: Added CSV export for reports,PROD,Product,current,2026-01-01,,changelog;feature,PROD/PROD-CL-001-changelog-added-csv-export-for-reports.html
PROD-CL-002,Changelog: Fixed timezone bug in scheduled reports,PROD,Product,current,2026-02-04,,changelog;bugfix,PROD/PROD-CL-002-changelog-fixed-timezone-bug-in-scheduled-reports.html
PROD-CL-003,Changelog: Improved search relevance for multi-word queries,PROD,Product,current,2026-03-07,,changelog;improvement,PROD/PROD-CL-003-changelog-improved-search-relevance-for-multi-word-queries.html
PROD-CL-004,Changelog: Added dark mode to the dashboard,PROD,Product,current,2026-04-10,,changelog;feature,PROD/PROD-CL-004-changelog-added-dark-mode-to-the-dashboard.html
PROD-CL-005,Changelog: Deprecated the legacy v1 webhook format,PROD,Product,current,2026-05-13,,changelog;deprecation,PROD/PROD-CL-005-changelog-deprecated-the-legacy-v1-webhook-format.html
PROD-CL-006,Changelog: Fixed pagination bug on the invoices page,PROD,Product,current,2026-06-16,,changelog;bugfix,PROD/PROD-CL-006-changelog-fixed-pagination-bug-on-the-invoices-page.html
PROD-CL-007,Changelog: Added bulk user invite,PROD,Product,current,2026-01-19,,changelog;feature,PROD/PROD-CL-007-changelog-added-bulk-user-invite.html
PROD-CL-008,Changelog: Improved onboarding checklist UI,PROD,Product,current,2026-02-22,,changelog;improvement,PROD/PROD-CL-008-changelog-improved-onboarding-checklist-ui.html
PROD-CL-009,Changelog: Fixed race condition in notification delivery,PROD,Product,current,2026-03-25,,changelog;bugfix,PROD/PROD-CL-009-changelog-fixed-race-condition-in-notification-delivery.html
PROD-CL-010,Changelog: Added support for custom SSO domains,PROD,Product,current,2026-04-01,,changelog;feature,PROD/PROD-CL-010-changelog-added-support-for-custom-sso-domains.html
PROD-CL-011,Changelog: Improved API error messages for validation failures,PROD,Product,current,2026-05-04,,changelog;improvement,PROD/PROD-CL-011-changelog-improved-api-error-messages-for-validation-failure.html
PROD-CL-012,Changelog: Fixed incorrect proration on mid-cycle downgrades,PROD,Product,current,2026-06-07,,changelog;bugfix,PROD/PROD-CL-012-changelog-fixed-incorrect-proration-on-mid-cycle-downgrades.html
PROD-CL-013,Changelog: Added webhook retry with exponential backoff,PROD,Product,current,2026-01-10,,changelog;feature,PROD/PROD-CL-013-changelog-added-webhook-retry-with-exponential-backoff.html
PROD-CL-014,Changelog: Removed support for Internet Explorer 11,PROD,Product,current,2026-02-13,,changelog;deprecation,PROD/PROD-CL-014-changelog-removed-support-for-internet-explorer-11.html
PROD-CL-015,Changelog: Added audit log export to CSV,PROD,Product,current,2026-03-16,,changelog;feature,PROD/PROD-CL-015-changelog-added-audit-log-export-to-csv.html
PROD-CL-016,Changelog: Fixed broken link in password reset email,PROD,Product,current,2026-04-19,,changelog;bugfix,PROD/PROD-CL-016-changelog-fixed-broken-link-in-password-reset-email.html
PROD-CL-017,Changelog: Improved dashboard load time by 40%,PROD,Product,current,2026-05-22,,changelog;improvement,PROD/PROD-CL-017-changelog-improved-dashboard-load-time-by-40.html
PROD-CL-018,Changelog: Added team-level usage analytics,PROD,Product,current,2026-06-25,,changelog;feature,PROD/PROD-CL-018-changelog-added-team-level-usage-analytics.html
PROD-CL-019,Changelog: Fixed incorrect currency formatting for EUR accounts,PROD,Product,current,2026-01-01,,changelog;bugfix,PROD/PROD-CL-019-changelog-fixed-incorrect-currency-formatting-for-eur-accoun.html
PROD-CL-020,Changelog: Added Slack notification integration,PROD,Product,current,2026-02-04,,changelog;feature,PROD/PROD-CL-020-changelog-added-slack-notification-integration.html
PROD-CL-021,Changelog: Improved mobile responsiveness of the billing page,PROD,Product,current,2026-03-07,,changelog;improvement,PROD/PROD-CL-021-changelog-improved-mobile-responsiveness-of-the-billing-page.html
PROD-CL-022,Changelog: Fixed duplicate notification bug,PROD,Product,current,2026-04-10,,changelog;bugfix,PROD/PROD-CL-022-changelog-fixed-duplicate-notification-bug.html
PROD-CL-023,Changelog: Added granular role-based permissions,PROD,Product,current,2026-05-13,,changelog;feature,PROD/PROD-CL-023-changelog-added-granular-role-based-permissions.html
PROD-CL-024,Changelog: Deprecated the legacy reporting API v1,PROD,Product,current,2026-06-16,,changelog;deprecation,PROD/PROD-CL-024-changelog-deprecated-the-legacy-reporting-api-v1.html
PROD-CL-025,Changelog: Fixed incorrect rate limit headers,PROD,Product,current,2026-01-19,,changelog;bugfix,PROD/PROD-CL-025-changelog-fixed-incorrect-rate-limit-headers.html
PROD-CL-026,Changelog: Added support for scheduled report delivery,PROD,Product,current,2026-02-22,,changelog;feature,PROD/PROD-CL-026-changelog-added-support-for-scheduled-report-delivery.html
PROD-CL-027,Changelog: Improved search autocomplete latency,PROD,Product,current,2026-03-25,,changelog;improvement,PROD/PROD-CL-027-changelog-improved-search-autocomplete-latency.html
PROD-CL-028,Changelog: Fixed broken CSV import for large files,PROD,Product,current,2026-04-01,,changelog;bugfix,PROD/PROD-CL-028-changelog-fixed-broken-csv-import-for-large-files.html
PROD-CL-029,Changelog: Added customizable dashboard widgets,PROD,Product,current,2026-05-04,,changelog;feature,PROD/PROD-CL-029-changelog-added-customizable-dashboard-widgets.html
PROD-CL-030,Changelog: Fixed session timeout inconsistency across browsers,PROD,Product,current,2026-06-07,,changelog;bugfix,PROD/PROD-CL-030-changelog-fixed-session-timeout-inconsistency-across-browser.html
HR-FAQ-001,How do I change my direct deposit information?,HR,Human Resources,current,2025-01-01,,faq;hr,HR/HR-FAQ-001-how-do-i-change-my-direct-deposit-information.html
HR-FAQ-002,Can I work from another country temporarily?,HR,Human Resources,current,2025-02-03,,faq;hr,HR/HR-FAQ-002-can-i-work-from-another-country-temporarily.html
HR-FAQ-003,What is the tuition reimbursement policy?,HR,Human Resources,current,2025-03-05,,faq;hr,HR/HR-FAQ-003-what-is-the-tuition-reimbursement-policy.html
HR-FAQ-004,How do I request a leave of absence?,HR,Human Resources,current,2025-04-07,,faq;hr,HR/HR-FAQ-004-how-do-i-request-a-leave-of-absence.html
HR-FAQ-005,What happens to my equity if I leave?,HR,Human Resources,current,2025-05-09,,faq;hr,HR/HR-FAQ-005-what-happens-to-my-equity-if-i-leave.html
HR-FAQ-006,How do I update my emergency contact?,HR,Human Resources,current,2025-06-11,,faq;hr,HR/HR-FAQ-006-how-do-i-update-my-emergency-contact.html
HR-FAQ-007,Can I refer a friend for an open role?,HR,Human Resources,current,2025-07-13,,faq;hr,HR/HR-FAQ-007-can-i-refer-a-friend-for-an-open-role.html
HR-FAQ-008,What is the policy on secondary employment?,HR,Human Resources,current,2025-08-15,,faq;hr,HR/HR-FAQ-008-what-is-the-policy-on-secondary-employment.html
HR-FAQ-009,How is severance calculated?,HR,Human Resources,current,2025-09-17,,faq;hr,HR/HR-FAQ-009-how-is-severance-calculated.html
HR-FAQ-010,Do we offer sabbaticals?,HR,Human Resources,current,2025-10-19,,faq;hr,HR/HR-FAQ-010-do-we-offer-sabbaticals.html
HR-FAQ-011,How do I dispute my performance rating?,HR,Human Resources,current,2025-11-21,,faq;hr,HR/HR-FAQ-011-how-do-i-dispute-my-performance-rating.html
HR-FAQ-012,What's covered under the wellness stipend?,HR,Human Resources,current,2025-12-23,,faq;hr,HR/HR-FAQ-012-what-s-covered-under-the-wellness-stipend.html
HR-FAQ-013,Can I take unpaid leave?,HR,Human Resources,current,2025-01-25,,faq;hr,HR/HR-FAQ-013-can-i-take-unpaid-leave.html
HR-FAQ-014,How do bonuses work?,HR,Human Resources,current,2025-02-27,,faq;hr,HR/HR-FAQ-014-how-do-bonuses-work.html
HR-FAQ-015,What is the dress code?,HR,Human Resources,current,2025-03-02,,faq;hr,HR/HR-FAQ-015-what-is-the-dress-code.html
HR-FAQ-016,How do I add a dependent to my health plan?,HR,Human Resources,current,2025-04-04,,faq;hr,HR/HR-FAQ-016-how-do-i-add-a-dependent-to-my-health-plan.html
HR-FAQ-017,Is relocation assistance available?,HR,Human Resources,current,2025-05-06,,faq;hr,HR/HR-FAQ-017-is-relocation-assistance-available.html
HR-FAQ-018,What is the policy on employee stock purchase?,HR,Human Resources,current,2025-06-08,,faq;hr,HR/HR-FAQ-018-what-is-the-policy-on-employee-stock-purchase.html
HR-FAQ-019,Can I transfer to a different team internally?,HR,Human Resources,current,2025-07-10,,faq;hr,HR/HR-FAQ-019-can-i-transfer-to-a-different-team-internally.html
HR-FAQ-020,How do I request accessibility accommodations?,HR,Human Resources,current,2025-08-12,,faq;hr,HR/HR-FAQ-020-how-do-i-request-accessibility-accommodations.html
ITS-FAQ-001,How do I reset my Okta password?,ITS,IT Support,current,2025-01-01,,faq;it,ITS/ITS-FAQ-001-how-do-i-reset-my-okta-password.html
ITS-FAQ-002,How do I get access to a shared drive?,ITS,IT Support,current,2025-02-03,,faq;it,ITS/ITS-FAQ-002-how-do-i-get-access-to-a-shared-drive.html
ITS-FAQ-003,What do I do if my laptop is lost or stolen?,ITS,IT Support,current,2025-03-05,,faq;it,ITS/ITS-FAQ-003-what-do-i-do-if-my-laptop-is-lost-or-stolen.html
ITS-FAQ-004,How do I set up dual monitors?,ITS,IT Support,current,2025-04-07,,faq;it,ITS/ITS-FAQ-004-how-do-i-set-up-dual-monitors.html
ITS-FAQ-005,Can I install personal software on my work laptop?,ITS,IT Support,current,2025-05-09,,faq;it,ITS/ITS-FAQ-005-can-i-install-personal-software-on-my-work-laptop.html
ITS-FAQ-006,How do I connect to the office printer?,ITS,IT Support,current,2025-06-11,,faq;it,ITS/ITS-FAQ-006-how-do-i-connect-to-the-office-printer.html
ITS-FAQ-007,What's the process for a broken monitor or peripheral?,ITS,IT Support,current,2025-07-13,,faq;it,ITS/ITS-FAQ-007-what-s-the-process-for-a-broken-monitor-or-peripheral.html
ITS-FAQ-008,How long does IT keep backups of my laptop?,ITS,IT Support,current,2025-08-15,,faq;it,ITS/ITS-FAQ-008-how-long-does-it-keep-backups-of-my-laptop.html
ITS-FAQ-009,Can I use my personal phone for work email?,ITS,IT Support,current,2025-09-17,,faq;it,ITS/ITS-FAQ-009-can-i-use-my-personal-phone-for-work-email.html
ITS-FAQ-010,How do I request a second monitor for home office?,ITS,IT Support,current,2025-10-19,,faq;it,ITS/ITS-FAQ-010-how-do-i-request-a-second-monitor-for-home-office.html
ITS-FAQ-011,What VPN profile should contractors use?,ITS,IT Support,current,2025-11-21,,faq;it,ITS/ITS-FAQ-011-what-vpn-profile-should-contractors-use.html
ITS-FAQ-012,How do I report a phishing email?,ITS,IT Support,current,2025-12-23,,faq;it,ITS/ITS-FAQ-012-how-do-i-report-a-phishing-email.html
ITS-FAQ-013,Is there a company-wide password manager?,ITS,IT Support,current,2025-01-25,,faq;it,ITS/ITS-FAQ-013-is-there-a-company-wide-password-manager.html
ITS-FAQ-014,How do I get admin rights on my laptop?,ITS,IT Support,current,2025-02-27,,faq;it,ITS/ITS-FAQ-014-how-do-i-get-admin-rights-on-my-laptop.html
ITS-FAQ-015,What's the guest Wi-Fi password?,ITS,IT Support,current,2025-03-02,,faq;it,ITS/ITS-FAQ-015-what-s-the-guest-wi-fi-password.html
